<?xml version="1.0" encoding="UTF-8"?>

<!-- generated on Fri Mar 29 11:16:33 2019 by Eclipse SUMO duarouter Version 1.1.0
<configuration xmlns:xsi="http://www.w3.org/2001/XMLSchema-instance" xsi:noNamespaceSchemaLocation="http://sumo.dlr.de/xsd/duarouterConfiguration.xsd">

    <input>
        <net-file value="map.net.xml"/>
        <additional-files value="map.poly.xml"/>
        <route-files value="map.rou.xml"/>
    </input>

    <output>
        <output-file value="map-final.rou.xml"/>
        <alternatives-output value="map-final.rou.alt.xml"/>
    </output>

    <processing>
        <repair value="true"/>
        <routing-algorithm value="dijkstra"/>
    </processing>

    <time>
        <begin value="0"/>
    </time>

    <report>
        <verbose value="true"/>
        <log value="dua.actuated.log"/>
    </report>

</configuration>
-->

<routes xmlns:xsi="http://www.w3.org/2001/XMLSchema-instance" xsi:noNamespaceSchemaLocation="http://sumo.dlr.de/xsd/routes_file.xsd"/>
