<?xml version="1.0" encoding="UTF-8"?>
<!-- generated on Thu Mar 14 11:12:35 2019 by SUMO duarouter Version 0.32.0
<?xml version="1.0" encoding="UTF-8"?>

<configuration xmlns:xsi="http://www.w3.org/2001/XMLSchema-instance" xsi:noNamespaceSchemaLocation="http://sumo.dlr.de/xsd/duarouterConfiguration.xsd">

    <input>
        <net-file value="map.net.xml"/>
        <route-files value="trips.trips.xml"/>
    </input>

    <output>
        <output-file value="map.rou.xml"/>
        <alternatives-output value="map.rou.alt.xml"/>
    </output>

    <processing>
        <ignore-errors value="true"/>
    </processing>

    <time>
        <begin value="0"/>
        <end value="3600"/>
    </time>

    <report>
        <no-step-log value="true"/>
    </report>

</configuration>
-->
<routes xmlns:xsi="http://www.w3.org/2001/XMLSchema-instance" xsi:noNamespaceSchemaLocation="http://sumo.dlr.de/xsd/routes_file.xsd">
<vehicle id="63" depart="0"><route edges=" 326558693#1 430379408#3 326555059 430369396 -430379403 430369398#2 430369397#0 430369397#1 430369397#2 430369398#0 430369391 430369389 430369392#1 430369400#4 430369394 209176701#2 326462841#0"/></vehicle>
</routes>